"DateTime";"Players"
"2024-10-18 00:00:00";208
"2024-10-19 00:00:00";83
"2024-10-20 00:00:00";73
"2024-10-21 00:00:00";170
"2024-10-22 00:00:00";449
"2024-10-23 00:00:00";683
"2024-10-24 00:00:00";817
"2024-10-25 00:00:00";996
"2024-10-26 00:00:00";1306
"2024-10-27 00:00:00";1486
"2024-10-28 00:00:00";1331
"2024-10-29 00:00:00";1328
"2024-10-30 00:00:00";1402
"2024-10-31 00:00:00";1506
"2024-11-01 00:00:00";1521
"2024-11-02 00:00:00";1844
"2024-11-03 00:00:00";2030
"2024-11-04 00:00:00";1726
"2024-11-05 00:00:00";1604
"2024-11-06 00:00:00";1405
"2024-11-06 01:00:00";1402
"2024-11-06 02:00:00";1370
"2024-11-06 03:00:00";1206
"2024-11-06 04:00:00";1129
"2024-11-06 05:00:00";914
"2024-11-06 06:00:00";863
"2024-11-06 07:00:00";769
"2024-11-06 08:00:00";759
"2024-11-06 09:00:00";799
"2024-11-06 10:00:00";910
"2024-11-06 11:00:00";1092
"2024-11-06 12:00:00";1292
"2024-11-06 13:00:00";1478
"2024-11-06 14:00:00";1612
"2024-11-06 15:00:00";1660
"2024-11-06 16:00:00";1624
"2024-11-06 17:00:00";1623
"2024-11-06 18:00:00";1677
"2024-11-06 19:00:00";1601
"2024-11-06 20:00:00";1565
"2024-11-06 21:00:00";1438
"2024-11-06 22:00:00";1454
"2024-11-06 23:00:00";1454
"2024-11-07 00:00:00";1467
"2024-11-07 01:00:00";1429
"2024-11-07 02:00:00";1338
"2024-11-07 03:00:00";1280
"2024-11-07 04:00:00";1130
"2024-11-07 05:00:00";958
"2024-11-07 06:00:00";857
"2024-11-07 07:00:00";795
"2024-11-07 08:00:00";822
"2024-11-07 09:00:00";866
"2024-11-07 10:00:00";1047
"2024-11-07 11:00:00";1159
"2024-11-07 12:00:00";1374
"2024-11-07 13:00:00";1544
"2024-11-07 14:00:00";1607
"2024-11-07 15:00:00";1696
"2024-11-07 16:00:00";1741
"2024-11-07 17:00:00";1751
"2024-11-07 18:00:00";1727
"2024-11-07 19:00:00";1675
"2024-11-07 20:00:00";1616
"2024-11-07 21:00:00";1565
"2024-11-07 22:00:00";1537
"2024-11-07 23:00:00";1529
"2024-11-08 00:00:00";1536
"2024-11-08 01:00:00";1487
"2024-11-08 02:00:00";1472
"2024-11-08 03:00:00";1336
"2024-11-08 04:00:00";1131
"2024-11-08 05:00:00";992
"2024-11-08 06:00:00";909
"2024-11-08 07:00:00";851
"2024-11-08 08:00:00";821
"2024-11-08 09:00:00";905
"2024-11-08 10:00:00";1070
"2024-11-08 11:00:00";1215
"2024-11-08 12:00:00";1453
"2024-11-08 13:00:00";1684
"2024-11-08 14:00:00";1733
"2024-11-08 15:00:00";1785
"2024-11-08 16:00:00";1833
"2024-11-08 17:00:00";1843
"2024-11-08 18:00:00";1827
"2024-11-08 19:00:00";1812
"2024-11-08 20:00:00";1785
"2024-11-08 21:00:00";1673
"2024-11-08 22:00:00";1696
"2024-11-08 23:00:00";1682
"2024-11-09 00:00:00";1716
"2024-11-09 01:00:00";1726
"2024-11-09 02:00:00";1674
"2024-11-09 03:00:00";1611
"2024-11-09 04:00:00";1512
"2024-11-09 05:00:00";1372
"2024-11-09 06:00:00";1213
"2024-11-09 07:00:00";1128
"2024-11-09 08:00:00";1119
"2024-11-09 09:00:00";1112
"2024-11-09 10:00:00";1199
"2024-11-09 11:00:00";1430
"2024-11-09 12:00:00";1648
"2024-11-09 13:00:00";1857
"2024-11-09 14:00:00";2040
"2024-11-09 15:00:00";2188
"2024-11-09 16:00:00";2235
"2024-11-09 17:00:00";2283
"2024-11-09 18:00:00";2225
"2024-11-09 19:00:00";2197
"2024-11-09 20:00:00";2108
"2024-11-09 21:00:00";2035
"2024-11-09 22:00:00";1879
"2024-11-09 23:00:00";1828
"2024-11-10 00:00:00";1803
"2024-11-10 01:00:00";1826
"2024-11-10 02:00:00";1793
"2024-11-10 03:00:00";1748
"2024-11-10 04:00:00";1624
"2024-11-10 05:00:00";1558
"2024-11-10 06:00:00";1392
"2024-11-10 07:00:00";1316
"2024-11-10 08:00:00";1272
"2024-11-10 09:00:00";1294
"2024-11-10 10:00:00";1359
"2024-11-10 11:00:00";1596
"2024-11-10 12:00:00";1833
"2024-11-10 13:00:00";2019
"2024-11-10 14:00:00";2150
"2024-11-10 15:00:00";2237
"2024-11-10 16:00:00";2315
"2024-11-10 17:00:00";2379
"2024-11-10 18:00:00";2315
"2024-11-10 19:00:00";2233
"2024-11-10 20:00:00";2024
"2024-11-10 21:00:00";1956
"2024-11-10 22:00:00";1830
"2024-11-10 23:00:00";1806
"2024-11-11 00:00:00";1734
"2024-11-11 01:00:00";1725
"2024-11-11 02:00:00";1650
"2024-11-11 03:00:00";1478
"2024-11-11 04:00:00";1230
"2024-11-11 05:00:00";1070
"2024-11-11 06:00:00";993
"2024-11-11 07:00:00";944
"2024-11-11 08:00:00";932
"2024-11-11 09:00:00";972
"2024-11-11 10:00:00";1113
"2024-11-11 11:00:00";1304
"2024-11-11 12:00:00";1544
"2024-11-11 13:00:00";1776
"2024-11-11 14:00:00";1824
"2024-11-11 15:00:00";1929
"2024-11-11 16:00:00";1891
"2024-11-11 17:00:00";1891
"2024-11-11 18:00:00";1847
"2024-11-11 19:00:00";1793
"2024-11-11 20:00:00";1739
"2024-11-11 21:00:00";1677
"2024-11-11 22:00:00";1704
"2024-11-11 23:00:00";1803
"2024-11-12 00:00:00";1756
"2024-11-12 01:00:00";1707
"2024-11-12 02:00:00";1615
"2024-11-12 03:00:00";1471
"2024-11-12 04:00:00";1264
"2024-11-12 05:00:00";1100
"2024-11-12 06:00:00";958
"2024-11-12 07:00:00";851
"2024-11-12 08:00:00";926
"2024-11-12 09:00:00";945
"2024-11-12 10:00:00";1052
"2024-11-12 11:00:00";1234
"2024-11-12 12:00:00";1439
"2024-11-12 13:00:00";1577
"2024-11-12 14:00:00";1716
"2024-11-12 15:00:00";1757
"2024-11-12 16:00:00";1819
"2024-11-12 17:00:00";1845
"2024-11-12 18:00:00";1819
"2024-11-12 19:00:00";1702
"2024-11-12 20:00:00";1669
"2024-11-12 21:00:00";1651
"2024-11-12 22:00:00";1672
"2024-11-12 23:00:00";1653
"2024-11-13 00:00:00";1700
"2024-11-13 01:00:00";1692
"2024-11-13 02:00:00";1641
"2024-11-13 03:00:00";1473
"2024-11-13 04:00:00";1247
"2024-11-13 05:00:00";1009
"2024-11-13 06:00:00";954
"2024-11-13 07:00:00";882
"2024-11-13 08:00:00";854
"2024-11-13 09:00:00";928
"2024-11-13 10:00:00";991
"2024-11-13 11:00:00";1202
"2024-11-13 12:00:00";1462
"2024-11-13 13:00:00";1715
"2024-11-13 14:00:00";1817
"2024-11-13 15:00:00";1818
"2024-11-13 16:00:00";1836
"2024-11-13 17:00:00";1882
"2024-11-13 18:00:00";1813
"2024-11-13 19:00:00";1796
"2024-11-13 20:00:00";1719
"2024-11-13 21:00:00";1699
"2024-11-13 22:00:00";1722
"2024-11-13 23:00:00";1762
"2024-11-14 00:00:00";1760
"2024-11-14 01:00:00";1774
"2024-11-14 02:00:00";1652
"2024-11-14 03:00:00";1440
"2024-11-14 04:00:00";1249
"2024-11-14 05:00:00";1085
"2024-11-14 06:00:00";925
"2024-11-14 07:00:00";907
"2024-11-14 08:00:00";863
"2024-11-14 09:00:00";842
"2024-11-14 10:00:00";1240
"2024-11-14 11:00:00";1437
"2024-11-14 12:00:00";1641
"2024-11-14 13:00:00";1869
"2024-11-14 14:00:00";2048
"2024-11-14 15:00:00";2121
"2024-11-14 16:00:00";2165
"2024-11-14 17:00:00";2141
"2024-11-14 18:00:00";2137
"2024-11-14 19:00:00";2005
"2024-11-14 20:00:00";1955
"2024-11-14 21:00:00";1848
"2024-11-14 22:00:00";1801
"2024-11-14 23:00:00";1825
"2024-11-15 00:00:00";1869
"2024-11-15 01:00:00";1854
"2024-11-15 02:00:00";1872
"2024-11-15 03:00:00";1811
"2024-11-15 04:00:00";1571
"2024-11-15 05:00:00";1311
"2024-11-15 06:00:00";1221
"2024-11-15 07:00:00";1171
"2024-11-15 08:00:00";1137
"2024-11-15 09:00:00";1213
"2024-11-15 10:00:00";1298
"2024-11-15 11:00:00";1537
"2024-11-15 12:00:00";1843
"2024-11-15 13:00:00";2184
"2024-11-15 14:00:00";2412
"2024-11-15 15:00:00";2495
"2024-11-15 16:00:00";2523
"2024-11-15 17:00:00";2483
"2024-11-15 18:00:00";2534
"2024-11-15 19:00:00";2511
"2024-11-15 20:00:00";2387
"2024-11-15 21:00:00";2283
"2024-11-15 22:00:00";2108
"2024-11-15 23:00:00";2121
"2024-11-16 00:00:00";2100
"2024-11-16 01:00:00";1983
"2024-11-16 02:00:00";1988
"2024-11-16 03:00:00";1929
"2024-11-16 04:00:00";1766
"2024-11-16 05:00:00";1516
"2024-11-16 06:00:00";1515
"2024-11-16 07:00:00";1468
"2024-11-16 08:00:00";1423
"2024-11-16 09:00:00";1482
"2024-11-16 10:00:00";1613
"2024-11-16 11:00:00";1751
"2024-11-16 12:00:00";2162
"2024-11-16 13:00:00";2323
"2024-11-16 14:00:00";2550
"2024-11-16 15:00:00";2628
"2024-11-16 16:00:00";2805
"2024-11-16 17:00:00";2736
"2024-11-16 18:00:00";2739
"2024-11-16 19:00:00";2615
"2024-11-16 20:00:00";2520
"2024-11-16 21:00:00";2483
"2024-11-16 22:00:00";2292
"2024-11-16 23:00:00";2108
"2024-11-17 00:00:00";2027
"2024-11-17 01:00:00";2055
"2024-11-17 02:00:00";2079
"2024-11-17 03:00:00";2016
"2024-11-17 04:00:00";1891
"2024-11-17 05:00:00";1697
"2024-11-17 06:00:00";1573
"2024-11-17 07:00:00";1523
"2024-11-17 08:00:00";1564
"2024-11-17 09:00:00";1629
"2024-11-17 10:00:00";1746
"2024-11-17 11:00:00";1988
"2024-11-17 12:00:00";2217
"2024-11-17 13:00:00";2523
"2024-11-17 14:00:00";2727
"2024-11-17 15:00:00";2782
"2024-11-17 16:00:00";2821
"2024-11-17 17:00:00";2884
"2024-11-17 18:00:00";2872
"2024-11-17 19:00:00";2796
"2024-11-17 20:00:00";2685
"2024-11-17 21:00:00";2495
"2024-11-17 22:00:00";2404
"2024-11-17 23:00:00";2173
"2024-11-18 00:00:00";2145
"2024-11-18 01:00:00";2105
"2024-11-18 02:00:00";1969
"2024-11-18 03:00:00";1788
"2024-11-18 04:00:00";1568
"2024-11-18 05:00:00";1366
"2024-11-18 06:00:00";1267
"2024-11-18 07:00:00";1182
"2024-11-18 08:00:00";1151
"2024-11-18 09:00:00";1188
"2024-11-18 10:00:00";1395
"2024-11-18 11:00:00";1574
"2024-11-18 12:00:00";1784
"2024-11-18 13:00:00";2037
"2024-11-18 14:00:00";2254
"2024-11-18 15:00:00";2346
"2024-11-18 16:00:00";2414
"2024-11-18 17:00:00";2370
"2024-11-18 18:00:00";2389
"2024-11-18 19:00:00";2393
"2024-11-18 20:00:00";2255
"2024-11-18 21:00:00";2116
"2024-11-18 22:00:00";2045
"2024-11-18 23:00:00";2074
"2024-11-19 00:00:00";2104
"2024-11-19 01:00:00";2098
"2024-11-19 02:00:00";2014
"2024-11-19 03:00:00";1804
"2024-11-19 04:00:00";1600
"2024-11-19 05:00:00";1312
"2024-11-19 06:00:00";1156
"2024-11-19 07:00:00";1074
"2024-11-19 08:00:00";958
"2024-11-19 09:00:00";1046
"2024-11-19 10:00:00";1288
"2024-11-19 11:00:00";1450
"2024-11-19 12:00:00";1651
"2024-11-19 13:00:00";1908
"2024-11-19 14:00:00";2069
"2024-11-19 15:00:00";2077
"2024-11-19 16:00:00";2105
"2024-11-19 17:00:00";2158
"2024-11-19 18:00:00";2146
"2024-11-19 19:00:00";2134
"2024-11-19 20:00:00";2027
"2024-11-19 21:00:00";1924
"2024-11-19 22:00:00";1894
"2024-11-19 23:00:00";1903
"2024-11-20 00:00:00";1936
"2024-11-20 01:00:00";2033
"2024-11-20 02:00:00";2040
"2024-11-20 03:00:00";1954
"2024-11-20 04:00:00";1674
"2024-11-20 05:00:00";1337
"2024-11-20 06:00:00";1177
"2024-11-20 07:00:00";1085
"2024-11-20 08:00:00";1088
"2024-11-20 09:00:00";1140
"2024-11-20 10:00:00";1300
"2024-11-20 11:00:00";1541
"2024-11-20 12:00:00";1793
"2024-11-20 13:00:00";2167
"2024-11-20 14:00:00";2328
"2024-11-20 15:00:00";2397
"2024-11-20 16:00:00";2467
"2024-11-20 17:00:00";2514
"2024-11-20 18:00:00";2547
"2024-11-20 19:00:00";2479
"2024-11-20 20:00:00";2439
"2024-11-20 21:00:00";2241
"2024-11-20 22:00:00";2066
"2024-11-20 23:00:00";2026
"2024-11-21 00:00:00";1966
"2024-11-21 01:00:00";1988
"2024-11-21 02:00:00";1938
"2024-11-21 03:00:00";1771
"2024-11-21 04:00:00";1510
"2024-11-21 05:00:00";1319
"2024-11-21 06:00:00";1146
"2024-11-21 07:00:00";1115
"2024-11-21 08:00:00";1117
"2024-11-21 09:00:00";1210
"2024-11-21 10:00:00";1343
"2024-11-21 11:00:00";1515
"2024-11-21 12:00:00";1715
"2024-11-21 13:00:00";1980
"2024-11-21 14:00:00";2108
"2024-11-21 15:00:00";2196
"2024-11-21 16:00:00";2272
"2024-11-21 17:00:00";2279
"2024-11-21 18:00:00";2216
"2024-11-21 19:00:00";2222
"2024-11-21 20:00:00";2117
"2024-11-21 21:00:00";1986
"2024-11-21 22:00:00";1943
"2024-11-21 23:00:00";1947
"2024-11-22 00:00:00";1949
"2024-11-22 01:00:00";1988
"2024-11-22 02:00:00";1965
"2024-11-22 03:00:00";1810
"2024-11-22 04:00:00";1554
"2024-11-22 05:00:00";1301
"2024-11-22 06:00:00";1238
"2024-11-22 07:00:00";1182
"2024-11-22 08:00:00";1215
"2024-11-22 09:00:00";1233
"2024-11-22 10:00:00";1390
"2024-11-22 11:00:00";1640
"2024-11-22 12:00:00";1911
"2024-11-22 13:00:00";2218
"2024-11-22 14:00:00";2449
"2024-11-22 15:00:00";2448
"2024-11-22 16:00:00";2448
"2024-11-22 17:00:00";2482
"2024-11-22 18:00:00";2454
"2024-11-22 19:00:00";2356
"2024-11-22 20:00:00";2280
"2024-11-22 21:00:00";2191
"2024-11-22 22:00:00";2068
"2024-11-22 23:00:00";2134
"2024-11-23 00:00:00";2202
"2024-11-23 01:00:00";2228
"2024-11-23 02:00:00";2249
"2024-11-23 03:00:00";2161
"2024-11-23 04:00:00";1999
"2024-11-23 05:00:00";1820
"2024-11-23 06:00:00";1666
"2024-11-23 07:00:00";1482
"2024-11-23 08:00:00";1485
"2024-11-23 09:00:00";1635
"2024-11-23 10:00:00";1745
"2024-11-23 11:00:00";1965
"2024-11-23 12:00:00";2239
"2024-11-23 13:00:00";2552
"2024-11-23 14:00:00";2851
"2024-11-23 15:00:00";2864
"2024-11-23 16:00:00";2928
"2024-11-23 17:00:00";2961
"2024-11-23 18:00:00";2844
"2024-11-23 19:00:00";2860
"2024-11-23 20:00:00";2797
"2024-11-23 21:00:00";2575
"2024-11-23 22:00:00";2378
"2024-11-23 23:00:00";2378
"2024-11-24 00:00:00";2264
"2024-11-24 01:00:00";2253
"2024-11-24 02:00:00";2281
"2024-11-24 03:00:00";2312
"2024-11-24 04:00:00";2150
"2024-11-24 05:00:00";1973
"2024-11-24 06:00:00";1812
"2024-11-24 07:00:00";1738
"2024-11-24 08:00:00";1749
"2024-11-24 09:00:00";1760
"2024-11-24 10:00:00";2011
"2024-11-24 11:00:00";2155
"2024-11-24 12:00:00";2463
"2024-11-24 13:00:00";2787
"2024-11-24 14:00:00";3003
"2024-11-24 15:00:00";3086
"2024-11-24 16:00:00";3136
"2024-11-24 17:00:00";3123
"2024-11-24 18:00:00";3135
"2024-11-24 19:00:00";3037
"2024-11-24 20:00:00";2812
"2024-11-24 21:00:00";2591
"2024-11-24 22:00:00";2439
"2024-11-24 23:00:00";2322
"2024-11-25 00:00:00";2268
"2024-11-25 01:00:00";2213
"2024-11-25 02:00:00";2106
"2024-11-25 03:00:00";1833
"2024-11-25 04:00:00";1590
"2024-11-25 05:00:00";1381
"2024-11-25 06:00:00";1233
"2024-11-25 07:00:00";1123
"2024-11-25 08:00:00";1116
"2024-11-25 09:00:00";1248
"2024-11-25 10:00:00";1354
"2024-11-25 11:00:00";1687
"2024-11-25 12:00:00";1902
"2024-11-25 13:00:00";2212
"2024-11-25 14:00:00";2324
"2024-11-25 15:00:00";2388
"2024-11-25 16:00:00";2483
"2024-11-25 17:00:00";2486
"2024-11-25 18:00:00";2391
"2024-11-25 19:00:00";2327
"2024-11-25 20:00:00";2241
"2024-11-25 21:00:00";2206
"2024-11-25 22:00:00";2138
"2024-11-25 23:00:00";2124
"2024-11-26 00:00:00";2120
"2024-11-26 01:00:00";2083
"2024-11-26 02:00:00";2061
"2024-11-26 03:00:00";1897
"2024-11-26 04:00:00";1605
"2024-11-26 05:00:00";1336
"2024-11-26 06:00:00";1215
"2024-11-26 07:00:00";1122
"2024-11-26 08:00:00";1162
"2024-11-26 09:00:00";1315
"2024-11-26 10:00:00";1434
"2024-11-26 11:00:00";1632
"2024-11-26 12:00:00";1945
"2024-11-26 13:00:00";2139
"2024-11-26 14:00:00";2283
"2024-11-26 15:00:00";2428
"2024-11-26 16:00:00";2486
"2024-11-26 17:00:00";2510
"2024-11-26 18:00:00";2393
"2024-11-26 19:00:00";2316
"2024-11-26 20:00:00";2169
"2024-11-26 21:00:00";2063
"2024-11-26 22:00:00";2057
"2024-11-26 23:00:00";2004
"2024-11-27 00:00:00";1993
"2024-11-27 01:00:00";2103
"2024-11-27 02:00:00";2036
"2024-11-27 03:00:00";1879
"2024-11-27 04:00:00";1646
"2024-11-27 05:00:00";1392
"2024-11-27 06:00:00";1314
"2024-11-27 07:00:00";1208
"2024-11-27 08:00:00";1179
"2024-11-27 09:00:00";1291
"2024-11-27 10:00:00";1389
"2024-11-27 11:00:00";1632
"2024-11-27 12:00:00";1812
"2024-11-27 13:00:00";2156
"2024-11-27 14:00:00";2283
"2024-11-27 15:00:00";2288
"2024-11-27 16:00:00";2363
"2024-11-27 17:00:00";2391
"2024-11-27 18:00:00";2342
"2024-11-27 19:00:00";2270
"2024-11-27 20:00:00";2116
"2024-11-27 21:00:00";2039
"2024-11-27 22:00:00";2004
"2024-11-27 23:00:00";2049
"2024-11-28 00:00:00";2042
"2024-11-28 01:00:00";1973
"2024-11-28 02:00:00";1951
"2024-11-28 03:00:00";1758
"2024-11-28 04:00:00";1561
"2024-11-28 05:00:00";1389
"2024-11-28 06:00:00";1272
"2024-11-28 07:00:00";1160
"2024-11-28 08:00:00";1080
"2024-11-28 09:00:00";1232
"2024-11-28 10:00:00";1354
"2024-11-28 11:00:00";1672
"2024-11-28 12:00:00";1924
"2024-11-28 13:00:00";2120
"2024-11-28 14:00:00";2232
"2024-11-28 15:00:00";2350
"2024-11-28 16:00:00";2395
"2024-11-28 17:00:00";2436
"2024-11-28 18:00:00";2362
"2024-11-28 19:00:00";2218
"2024-11-28 20:00:00";2148
"2024-11-28 21:00:00";2023
"2024-11-28 22:00:00";1920
"2024-11-28 23:00:00";1896
"2024-11-29 00:00:00";1929
"2024-11-29 01:00:00";1949
"2024-11-29 02:00:00";1927
"2024-11-29 03:00:00";1862
"2024-11-29 04:00:00";1562
"2024-11-29 05:00:00";1391
"2024-11-29 06:00:00";1323
"2024-11-29 07:00:00";1159
"2024-11-29 08:00:00";1126
"2024-11-29 09:00:00";1226
"2024-11-29 10:00:00";1385
"2024-11-29 10:20:00";1344
"2024-11-29 10:30:00";1339
"2024-11-29 10:40:00";1354
"2024-11-29 10:50:00";1385
"2024-11-29 11:00:00";1386
"2024-11-29 11:10:00";1414
"2024-11-29 11:20:00";1458
"2024-11-29 11:30:00";1532
"2024-11-29 11:40:00";1588
"2024-11-29 11:50:00";1639
"2024-11-29 12:00:00";1666
"2024-11-29 12:10:00";1696
"2024-11-29 12:20:00";1739
"2024-11-29 12:30:00";1803
"2024-11-29 12:40:00";1806
"2024-11-29 12:50:00";1854
"2024-11-29 13:00:00";1899
"2024-11-29 13:10:00";1943
"2024-11-29 13:20:00";2058
"2024-11-29 13:30:00";2082
"2024-11-29 13:40:00";2120
"2024-11-29 13:50:00";2130
"2024-11-29 14:00:00";2137
"2024-11-29 14:10:00";2178
"2024-11-29 14:20:00";2201
"2024-11-29 14:30:00";2268
"2024-11-29 14:40:00";2272
"2024-11-29 14:50:00";2297
"2024-11-29 15:00:00";2280
"2024-11-29 15:10:00";2283
"2024-11-29 15:20:00";2325
"2024-11-29 15:30:00";2364
"2024-11-29 15:40:00";2390
"2024-11-29 15:50:00";2360
"2024-11-29 16:00:00";2354
"2024-11-29 16:10:00";2403
"2024-11-29 16:20:00";2365
"2024-11-29 16:30:00";2353
"2024-11-29 16:40:00";2417
"2024-11-29 16:50:00";2472
"2024-11-29 17:00:00";2431
"2024-11-29 17:10:00";2388
"2024-11-29 17:20:00";2381
"2024-11-29 17:30:00";2383
"2024-11-29 17:40:00";2375
"2024-11-29 17:50:00";2340
"2024-11-29 18:00:00";2329
"2024-11-29 18:10:00";2334
"2024-11-29 18:20:00";2315
"2024-11-29 18:30:00";2300
"2024-11-29 18:40:00";2236
"2024-11-29 18:50:00";2324
"2024-11-29 19:00:00";2287
"2024-11-29 19:10:00";2269
"2024-11-29 19:20:00";2268
"2024-11-29 19:30:00";2258
"2024-11-29 19:40:00";2255
"2024-11-29 19:50:00";2241
"2024-11-29 20:00:00";2252
"2024-11-29 20:10:00";2266
"2024-11-29 20:20:00";2246
"2024-11-29 20:30:00";2200
"2024-11-29 20:40:00";2216
"2024-11-29 20:50:00";2198
"2024-11-29 21:00:00";2197
"2024-11-29 21:10:00";2153
"2024-11-29 21:20:00";2140
"2024-11-29 21:30:00";2162
"2024-11-29 21:40:00";2130
"2024-11-29 21:50:00";2088
"2024-11-29 22:00:00";2100
"2024-11-29 22:10:00";2067
"2024-11-29 22:20:00";2041
"2024-11-29 22:30:00";2012
"2024-11-29 22:40:00";2017
"2024-11-29 22:50:00";2016
"2024-11-29 23:00:00";1997
"2024-11-29 23:10:00";2006
"2024-11-29 23:20:00";2021
"2024-11-29 23:30:00";2027
"2024-11-29 23:40:00";2049
"2024-11-29 23:50:00";2044
"2024-11-30 00:00:00";2098
"2024-11-30 00:10:00";2114
"2024-11-30 00:20:00";2140
"2024-11-30 00:30:00";2121
"2024-11-30 00:40:00";2108
"2024-11-30 00:50:00";2090
"2024-11-30 01:00:00";2076
"2024-11-30 01:10:00";2053
"2024-11-30 01:20:00";2062
"2024-11-30 01:30:00";2020
"2024-11-30 01:40:00";2071
"2024-11-30 01:50:00";2105
"2024-11-30 02:00:00";2107
"2024-11-30 02:10:00";2091
"2024-11-30 02:20:00";2095
"2024-11-30 02:30:00";2051
"2024-11-30 02:40:00";2046
"2024-11-30 02:50:00";2059
"2024-11-30 03:00:00";2067
"2024-11-30 03:10:00";2039
"2024-11-30 03:20:00";2002
"2024-11-30 03:30:00";2014
"2024-11-30 03:40:00";1990
"2024-11-30 03:50:00";1936
"2024-11-30 04:00:00";1926
"2024-11-30 04:10:00";1872
"2024-11-30 04:20:00";1856
"2024-11-30 04:30:00";1814
"2024-11-30 04:40:00";1791
"2024-11-30 04:50:00";1765
"2024-11-30 05:00:00";1733
"2024-11-30 05:10:00";1705
"2024-11-30 05:20:00";1692
"2024-11-30 05:30:00";1665
"2024-11-30 05:40:00";1637
"2024-11-30 05:50:00";1615
"2024-11-30 06:00:00";1591
"2024-11-30 06:10:00";1555
"2024-11-30 06:20:00";1526
"2024-11-30 06:30:00";1532
"2024-11-30 06:40:00";1530
"2024-11-30 06:50:00";1514
"2024-11-30 07:00:00";1462
"2024-11-30 07:10:00";1461
"2024-11-30 07:20:00";1469
"2024-11-30 07:30:00";1441
"2024-11-30 07:40:00";1444
"2024-11-30 07:50:00";1426
"2024-11-30 08:00:00";1424
"2024-11-30 08:10:00";1416
"2024-11-30 08:20:00";1399
"2024-11-30 08:30:00";1408
"2024-11-30 08:40:00";1435
"2024-11-30 08:50:00";1449
"2024-11-30 09:00:00";1438
"2024-11-30 09:10:00";1453
"2024-11-30 09:20:00";1475
"2024-11-30 09:30:00";1459
"2024-11-30 09:40:00";1441
"2024-11-30 09:50:00";1436
"2024-11-30 10:00:00";1491
"2024-11-30 10:10:00";1523
"2024-11-30 10:20:00";1567
"2024-11-30 10:30:00";1589
"2024-11-30 10:40:00";1594
"2024-11-30 10:50:00";1627
"2024-11-30 11:00:00";1649
"2024-11-30 11:10:00";1679
"2024-11-30 11:20:00";1700
"2024-11-30 11:30:00";1752
"2024-11-30 11:40:00";1734
"2024-11-30 11:50:00";1770
"2024-11-30 12:00:00";1793
"2024-11-30 12:10:00";1852
"2024-11-30 12:20:00";1898
"2024-11-30 12:30:00";1980
"2024-11-30 12:40:00";2006
"2024-11-30 12:50:00";2068
"2024-11-30 13:00:00";2105
"2024-11-30 13:10:00";2129
"2024-11-30 13:20:00";2195
"2024-11-30 13:30:00";2244
"2024-11-30 13:40:00";2317
"2024-11-30 13:50:00";2410
"2024-11-30 14:00:00";2490
"2024-11-30 14:10:00";2525
"2024-11-30 14:20:00";2556
"2024-11-30 14:30:00";2576
"2024-11-30 14:40:00";2604
"2024-11-30 14:50:00";2578
"2024-11-30 15:00:00";2613
"2024-11-30 15:10:00";2570
"2024-11-30 15:20:00";2613
"2024-11-30 15:30:00";2652
"2024-11-30 15:40:00";2671
"2024-11-30 15:50:00";2699
"2024-11-30 16:00:00";2711
"2024-11-30 16:10:00";2757
"2024-11-30 16:20:00";2784
"2024-11-30 16:30:00";2795
"2024-11-30 16:40:00";2753
"2024-11-30 16:50:00";2803
"2024-11-30 17:00:00";2785
"2024-11-30 17:10:00";2751
"2024-11-30 17:20:00";2691
"2024-11-30 17:30:00";2650
"2024-11-30 17:40:00";2673
"2024-11-30 17:50:00";2647
"2024-11-30 18:00:00";2662
"2024-11-30 18:10:00";2659
"2024-11-30 18:20:00";2642
"2024-11-30 18:30:00";2660
"2024-11-30 18:40:00";2641
"2024-11-30 18:50:00";2572
"2024-11-30 19:00:00";2530
"2024-11-30 19:10:00";2490
"2024-11-30 19:20:00";2546
"2024-11-30 19:30:00";2633
"2024-11-30 19:40:00";2628
"2024-11-30 19:50:00";2558
"2024-11-30 20:00:00";2504
"2024-11-30 20:10:00";2458
"2024-11-30 20:20:00";2430
"2024-11-30 20:30:00";2383
"2024-11-30 20:40:00";2367
"2024-11-30 20:50:00";2384
"2024-11-30 21:00:00";2365
"2024-11-30 21:10:00";2341
"2024-11-30 21:20:00";2327
"2024-11-30 21:30:00";2300
"2024-11-30 21:40:00";2277
"2024-11-30 21:50:00";2302
"2024-11-30 22:00:00";2258
"2024-11-30 22:10:00";2222
"2024-11-30 22:20:00";2252
"2024-11-30 22:30:00";2224
"2024-11-30 22:40:00";2171
"2024-11-30 22:50:00";2178
"2024-11-30 23:00:00";2129
"2024-11-30 23:10:00";2068
"2024-11-30 23:20:00";2053
"2024-11-30 23:30:00";2062
"2024-11-30 23:40:00";2073
"2024-11-30 23:50:00";2099
"2024-12-01 00:00:00";2090
"2024-12-01 00:10:00";2087
"2024-12-01 00:20:00";2115
"2024-12-01 00:30:00";2124
"2024-12-01 00:40:00";2133
"2024-12-01 00:50:00";2135
"2024-12-01 01:00:00";2137
"2024-12-01 01:10:00";2187
"2024-12-01 01:20:00";2186
"2024-12-01 01:30:00";2159
"2024-12-01 01:40:00";2194
"2024-12-01 01:50:00";2191
"2024-12-01 02:00:00";2155
"2024-12-01 02:10:00";2150
"2024-12-01 02:20:00";2117
"2024-12-01 02:30:00";2125
"2024-12-01 02:40:00";2145
"2024-12-01 02:50:00";2125
"2024-12-01 03:00:00";2154
"2024-12-01 03:10:00";2167
"2024-12-01 03:20:00";2165
"2024-12-01 03:30:00";2152
"2024-12-01 03:40:00";2134
"2024-12-01 03:50:00";2090
"2024-12-01 04:00:00";2059
"2024-12-01 04:10:00";2018
"2024-12-01 04:20:00";1969
"2024-12-01 04:30:00";1912
"2024-12-01 04:40:00";1906
"2024-12-01 04:50:00";1871
"2024-12-01 05:00:00";1846
"2024-12-01 05:10:00";1814
"2024-12-01 05:20:00";1834
"2024-12-01 05:30:00";1806
"2024-12-01 05:40:00";1760
"2024-12-01 05:50:00";1727
"2024-12-01 06:00:00";1711
"2024-12-01 06:10:00";1666
"2024-12-01 06:20:00";1615
"2024-12-01 06:30:00";1593
"2024-12-01 06:40:00";1609
"2024-12-01 06:50:00";1580
"2024-12-01 07:00:00";1573
"2024-12-01 07:10:00";1503
"2024-12-01 07:20:00";1499
"2024-12-01 07:30:00";1521
"2024-12-01 07:40:00";1528
"2024-12-01 07:50:00";1526
"2024-12-01 08:00:00";1508
"2024-12-01 08:10:00";1522
"2024-12-01 08:20:00";1485
"2024-12-01 08:30:00";1528
"2024-12-01 08:40:00";1522
"2024-12-01 08:50:00";1566
"2024-12-01 09:00:00";1567
"2024-12-01 09:10:00";1567
"2024-12-01 09:20:00";1578
"2024-12-01 09:30:00";1581
"2024-12-01 09:40:00";1542
"2024-12-01 09:50:00";1565
"2024-12-01 10:00:00";1591
"2024-12-01 10:10:00";1609
"2024-12-01 10:20:00";1602
"2024-12-01 10:30:00";1637
"2024-12-01 10:40:00";1649
"2024-12-01 10:50:00";1670
"2024-12-01 11:00:00";1689
"2024-12-01 11:10:00";1737
"2024-12-01 11:20:00";1796
"2024-12-01 11:30:00";1822
"2024-12-01 11:40:00";1873
"2024-12-01 11:50:00";1909
"2024-12-01 12:00:00";1996
"2024-12-01 12:10:00";2020
"2024-12-01 12:20:00";2064
"2024-12-01 12:30:00";2106
"2024-12-01 12:40:00";2162
"2024-12-01 12:50:00";2223
"2024-12-01 13:00:00";2273
"2024-12-01 13:10:00";2316
"2024-12-01 13:20:00";2351
"2024-12-01 13:30:00";2371
"2024-12-01 13:40:00";2412
"2024-12-01 13:50:00";2438
"2024-12-01 14:00:00";2458
"2024-12-01 14:10:00";2450
"2024-12-01 14:20:00";2551
"2024-12-01 14:30:00";2542
"2024-12-01 14:40:00";2552
"2024-12-01 14:50:00";2557
"2024-12-01 15:00:00";2575
"2024-12-01 15:10:00";2554
"2024-12-01 15:20:00";2584
"2024-12-01 15:30:00";2525
"2024-12-01 15:40:00";2553
"2024-12-01 15:50:00";2596
"2024-12-01 16:00:00";2630
"2024-12-01 16:10:00";2654
"2024-12-01 16:20:00";2656
"2024-12-01 16:30:00";2688
"2024-12-01 16:40:00";2685
"2024-12-01 16:50:00";2683
"2024-12-01 17:00:00";2702
"2024-12-01 17:10:00";2738
"2024-12-01 17:20:00";2741
"2024-12-01 17:30:00";2716
"2024-12-01 17:40:00";2681
"2024-12-01 17:50:00";2666
"2024-12-01 18:00:00";2661
"2024-12-01 18:10:00";2711
"2024-12-01 18:20:00";2719
"2024-12-01 18:30:00";2736
"2024-12-01 18:40:00";2762
"2024-12-01 18:50:00";2743
"2024-12-01 19:00:00";2724
"2024-12-01 19:10:00";2709
"2024-12-01 19:20:00";2630
"2024-12-01 19:30:00";2644
"2024-12-01 19:40:00";2603
"2024-12-01 19:50:00";2580
"2024-12-01 20:00:00";2525
"2024-12-01 20:10:00";2466
"2024-12-01 20:20:00";2402
"2024-12-01 20:30:00";2416
"2024-12-01 20:40:00";2392
"2024-12-01 20:50:00";2334
"2024-12-01 21:00:00";2305
"2024-12-01 21:10:00";2304
"2024-12-01 21:20:00";2316
"2024-12-01 21:30:00";2312
"2024-12-01 21:40:00";2269
"2024-12-01 21:50:00";2253
"2024-12-01 22:00:00";2196
"2024-12-01 22:10:00";2125
"2024-12-01 22:20:00";2044
"2024-12-01 22:30:00";2005
"2024-12-01 22:40:00";1994
"2024-12-01 22:50:00";2010
"2024-12-01 23:00:00";1993
"2024-12-01 23:10:00";1979
"2024-12-01 23:20:00";1987
"2024-12-01 23:30:00";1971
"2024-12-01 23:40:00";1965
"2024-12-01 23:50:00";1973
"2024-12-02 00:00:00";2008
"2024-12-02 00:10:00";2012
"2024-12-02 00:20:00";2025
"2024-12-02 00:30:00";2016
"2024-12-02 00:40:00";1969
"2024-12-02 00:50:00";1985
"2024-12-02 01:00:00";1955
"2024-12-02 01:10:00";1935
"2024-12-02 01:20:00";1913
"2024-12-02 01:30:00";1934
"2024-12-02 01:40:00";1942
"2024-12-02 01:50:00";1940
"2024-12-02 02:00:00";1944
"2024-12-02 02:10:00";1947
"2024-12-02 02:20:00";1949
"2024-12-02 02:30:00";1938
"2024-12-02 02:40:00";1892
"2024-12-02 02:50:00";1831
"2024-12-02 03:00:00";1758
"2024-12-02 03:10:00";1676
"2024-12-02 03:20:00";1632
"2024-12-02 03:30:00";1617
"2024-12-02 03:40:00";1577
"2024-12-02 03:50:00";1524
"2024-12-02 04:00:00";1516
"2024-12-02 04:10:00";1535
"2024-12-02 04:20:00";1461
"2024-12-02 04:30:00";1406
"2024-12-02 04:40:00";1373
"2024-12-02 04:50:00";1324
"2024-12-02 05:00:00";1285
"2024-12-02 05:10:00";1237
"2024-12-02 05:20:00";1229
"2024-12-02 05:30:00";1189
"2024-12-02 05:40:00";1187
"2024-12-02 05:50:00";1147
"2024-12-02 06:00:00";1115
"2024-12-02 06:10:00";1093
"2024-12-02 06:20:00";1078
"2024-12-02 06:30:00";1074
"2024-12-02 06:40:00";1057
"2024-12-02 06:50:00";1079
"2024-12-02 07:00:00";1055
"2024-12-02 07:10:00";1043
"2024-12-02 07:20:00";1047
"2024-12-02 07:30:00";1048
"2024-12-02 07:40:00";1032
"2024-12-02 07:50:00";975
"2024-12-02 08:00:00";958
"2024-12-02 08:10:00";962
"2024-12-02 08:20:00";938
"2024-12-02 08:30:00";966
"2024-12-02 08:40:00";992
"2024-12-02 08:50:00";983
"2024-12-02 09:00:00";987
"2024-12-02 09:10:00";1025
"2024-12-02 09:20:00";1046
"2024-12-02 09:30:00";1063
"2024-12-02 09:40:00";1106
"2024-12-02 09:50:00";1108
"2024-12-02 10:00:00";1129
"2024-12-02 10:10:00";1134
"2024-12-02 10:20:00";1181
"2024-12-02 10:30:00";1205
"2024-12-02 10:40:00";1230
"2024-12-02 10:50:00";1276
"2024-12-02 11:00:00";1313
"2024-12-02 11:10:00";1327
"2024-12-02 11:20:00";1354
"2024-12-02 11:30:00";1431
"2024-12-02 11:40:00";1473
"2024-12-02 11:50:00";1496
"2024-12-02 12:00:00";1536
"2024-12-02 12:10:00";1554
"2024-12-02 12:20:00";1601
"2024-12-02 12:30:00";1662
"2024-12-02 12:40:00";1722
"2024-12-02 12:50:00";1757
"2024-12-02 13:00:00";1753
"2024-12-02 13:10:00";1818
"2024-12-02 13:20:00";1891
"2024-12-02 13:30:00";1945
"2024-12-02 13:40:00";1986
"2024-12-02 13:50:00";1998
"2024-12-02 14:00:00";2042
"2024-12-02 14:10:00";2087
"2024-12-02 14:20:00";2171
"2024-12-02 14:30:00";2223
"2024-12-02 14:40:00";2245
"2024-12-02 14:50:00";2229
"2024-12-02 15:00:00";2184
"2024-12-02 15:10:00";2131
"2024-12-02 15:20:00";2126
"2024-12-02 15:30:00";2158
"2024-12-02 15:40:00";2181
"2024-12-02 15:50:00";2165
"2024-12-02 16:00:00";2150
"2024-12-02 16:10:00";2142
"2024-12-02 16:20:00";2187
"2024-12-02 16:30:00";2185
"2024-12-02 16:40:00";2170
"2024-12-02 16:50:00";2178
"2024-12-02 17:00:00";2122
"2024-12-02 17:10:00";2154
"2024-12-02 17:20:00";2190
"2024-12-02 17:30:00";2219
"2024-12-02 17:40:00";2230
"2024-12-02 17:50:00";2222
"2024-12-02 18:00:00";2210
"2024-12-02 18:10:00";2210
"2024-12-02 18:20:00";2161
"2024-12-02 18:30:00";2125
"2024-12-02 18:40:00";2105
"2024-12-02 18:50:00";2074
"2024-12-02 19:00:00";2079
"2024-12-02 19:10:00";2080
"2024-12-02 19:20:00";2049
"2024-12-02 19:30:00";2022
"2024-12-02 19:40:00";2046
"2024-12-02 19:50:00";2059
"2024-12-02 20:00:00";2049
"2024-12-02 20:10:00";2058
"2024-12-02 20:20:00";2037
"2024-12-02 20:30:00";2000
"2024-12-02 20:40:00";1970
"2024-12-02 20:50:00";1971
"2024-12-02 21:00:00";1920
"2024-12-02 21:10:00";1900
"2024-12-02 21:20:00";1945
"2024-12-02 21:30:00";1942
"2024-12-02 21:40:00";1918
"2024-12-02 21:50:00";1944
"2024-12-02 22:00:00";1938
"2024-12-02 22:10:00";1956
"2024-12-02 22:20:00";1941
"2024-12-02 22:30:00";1938
"2024-12-02 22:40:00";1970
"2024-12-02 22:50:00";1982
"2024-12-02 23:00:00";1975
"2024-12-02 23:10:00";2003
"2024-12-02 23:20:00";2016
"2024-12-02 23:30:00";1998
"2024-12-02 23:40:00";2018
"2024-12-02 23:50:00";2030
"2024-12-03 00:00:00";2075
"2024-12-03 00:10:00";2073
"2024-12-03 00:20:00";2054
"2024-12-03 00:30:00";2038
"2024-12-03 00:40:00";2058
"2024-12-03 00:50:00";2061
"2024-12-03 01:00:00";2049
"2024-12-03 01:10:00";2004
"2024-12-03 01:20:00";1960
"2024-12-03 01:30:00";1933
"2024-12-03 01:40:00";1917
"2024-12-03 01:50:00";1935
"2024-12-03 02:00:00";1913
"2024-12-03 02:10:00";1921
"2024-12-03 02:20:00";1911
"2024-12-03 02:30:00";1850
"2024-12-03 02:40:00";1831
"2024-12-03 02:50:00";1820
"2024-12-03 03:00:00";1794
"2024-12-03 03:10:00";1735
"2024-12-03 03:20:00";1675
"2024-12-03 03:30:00";1621
"2024-12-03 03:40:00";1602
"2024-12-03 03:50:00";1561
"2024-12-03 04:00:00";1535
"2024-12-03 04:10:00";1466
"2024-12-03 04:20:00";1452
"2024-12-03 04:30:00";1440
"2024-12-03 04:40:00";1389
"2024-12-03 04:50:00";1365
"2024-12-03 05:00:00";1306
"2024-12-03 05:10:00";1293
"2024-12-03 05:20:00";1280
"2024-12-03 05:30:00";1235
"2024-12-03 05:40:00";1175
"2024-12-03 05:50:00";1164
"2024-12-03 06:00:00";1117
"2024-12-03 06:10:00";1090
"2024-12-03 06:20:00";1091
"2024-12-03 06:30:00";1070
"2024-12-03 06:40:00";1088
"2024-12-03 06:50:00";1076
"2024-12-03 07:00:00";1063
"2024-12-03 07:10:00";1021
"2024-12-03 07:20:00";1003
"2024-12-03 07:30:00";998
"2024-12-03 07:40:00";988
"2024-12-03 07:50:00";984
"2024-12-03 08:00:00";996
"2024-12-03 08:10:00";991
"2024-12-03 08:20:00";984
"2024-12-03 08:30:00";981
"2024-12-03 08:40:00";994
"2024-12-03 08:50:00";1042
"2024-12-03 09:00:00";1010
"2024-12-03 09:10:00";1024
"2024-12-03 09:20:00";1074
"2024-12-03 09:30:00";1082
"2024-12-03 09:40:00";1131
"2024-12-03 09:50:00";1144
"2024-12-03 10:00:00";1166
"2024-12-03 10:10:00";1175
"2024-12-03 10:20:00";1188
"2024-12-03 10:30:00";1237
"2024-12-03 10:40:00";1245
"2024-12-03 10:50:00";1291
"2024-12-03 11:00:00";1307
"2024-12-03 11:10:00";1346
"2024-12-03 11:20:00";1375
"2024-12-03 11:30:00";1427
"2024-12-03 11:40:00";1478
"2024-12-03 11:50:00";1534
"2024-12-03 12:00:00";1566
"2024-12-03 12:10:00";1609
"2024-12-03 12:20:00";1653
"2024-12-03 12:30:00";1666
"2024-12-03 12:40:00";1756
"2024-12-03 12:50:00";1862
"2024-12-03 13:00:00";1898
"2024-12-03 13:10:00";1947
"2024-12-03 13:20:00";1996
"2024-12-03 13:30:00";2060
"2024-12-03 13:40:00";2083
"2024-12-03 13:50:00";2121
"2024-12-03 14:00:00";2183
"2024-12-03 14:10:00";2192
"2024-12-03 14:20:00";2209
"2024-12-03 14:30:00";2224
"2024-12-03 14:40:00";2254
"2024-12-03 14:50:00";2262
"2024-12-03 15:00:00";2252
"2024-12-03 15:10:00";2262
"2024-12-03 15:20:00";2267
"2024-12-03 15:30:00";2250
"2024-12-03 15:40:00";2260
"2024-12-03 15:50:00";2244
"2024-12-03 16:00:00";2254
"2024-12-03 16:10:00";2259
"2024-12-03 16:20:00";2244
"2024-12-03 16:30:00";2220
"2024-12-03 16:40:00";2190
"2024-12-03 16:50:00";2192
"2024-12-03 17:00:00";2154
"2024-12-03 17:10:00";2175
"2024-12-03 17:20:00";2186
"2024-12-03 17:30:00";2172
"2024-12-03 17:40:00";2194
"2024-12-03 17:50:00";2195
"2024-12-03 18:00:00";2178
"2024-12-03 18:10:00";2212
"2024-12-03 18:20:00";2197
"2024-12-03 18:30:00";2191
"2024-12-03 18:40:00";2195
"2024-12-03 18:50:00";2164
"2024-12-03 19:00:00";2162
"2024-12-03 19:10:00";2163
"2024-12-03 19:20:00";2078
"2024-12-03 19:30:00";2091
"2024-12-03 19:40:00";2108
"2024-12-03 19:50:00";2132
"2024-12-03 20:00:00";2110
"2024-12-03 20:10:00";2096
"2024-12-03 20:20:00";2040
"2024-12-03 20:30:00";2029
"2024-12-03 20:40:00";2045
"2024-12-03 20:50:00";2052
"2024-12-03 21:00:00";2038
"2024-12-03 21:10:00";2003
"2024-12-03 21:20:00";1987
"2024-12-03 21:30:00";1999
"2024-12-03 21:40:00";1966
"2024-12-03 21:50:00";1976
"2024-12-03 22:00:00";1957
"2024-12-03 22:10:00";1912
"2024-12-03 22:20:00";1930
"2024-12-03 22:30:00";1951
"2024-12-03 22:40:00";1922
"2024-12-03 22:50:00";1963
"2024-12-03 23:00:00";1930
"2024-12-03 23:10:00";1899
"2024-12-03 23:20:00";1923
"2024-12-03 23:30:00";1905
"2024-12-03 23:40:00";1913
"2024-12-03 23:50:00";1950
"2024-12-04 00:00:00";1933
"2024-12-04 00:10:00";1951
"2024-12-04 00:20:00";1930
"2024-12-04 00:30:00";1942
"2024-12-04 00:40:00";1980
"2024-12-04 00:50:00";1972
"2024-12-04 01:00:00";1950
"2024-12-04 01:10:00";1957
"2024-12-04 01:20:00";1943
"2024-12-04 01:30:00";1959
"2024-12-04 01:40:00";1904
"2024-12-04 01:50:00";1907
"2024-12-04 02:00:00";1909
"2024-12-04 02:10:00";1917
"2024-12-04 02:20:00";1903
"2024-12-04 02:30:00";1865
"2024-12-04 02:40:00";1863
"2024-12-04 02:50:00";1830
"2024-12-04 03:00:00";1775
"2024-12-04 03:10:00";1759
"2024-12-04 03:20:00";1688
"2024-12-04 03:30:00";1625
"2024-12-04 03:40:00";1579
"2024-12-04 03:50:00";1543
"2024-12-04 04:00:00";1531
"2024-12-04 04:10:00";1483
"2024-12-04 04:20:00";1436
"2024-12-04 04:30:00";1415
"2024-12-04 04:40:00";1389
"2024-12-04 04:50:00";1340
"2024-12-04 05:00:00";1302
"2024-12-04 05:10:00";1277
"2024-12-04 05:20:00";1269
"2024-12-04 05:30:00";1235
"2024-12-04 05:40:00";1210
"2024-12-04 05:50:00";1176
"2024-12-04 06:00:00";1142
"2024-12-04 06:10:00";1114
"2024-12-04 06:20:00";1084
"2024-12-04 06:30:00";1090
"2024-12-04 06:40:00";1097
"2024-12-04 06:50:00";1108
"2024-12-04 07:00:00";1104
"2024-12-04 07:10:00";1065
"2024-12-04 07:20:00";1056
"2024-12-04 07:30:00";1026
"2024-12-04 07:40:00";1003
"2024-12-04 07:50:00";995
"2024-12-04 08:00:00";994
"2024-12-04 08:10:00";1013
"2024-12-04 08:20:00";995
"2024-12-04 08:30:00";1006
"2024-12-04 08:40:00";1023
"2024-12-04 08:50:00";1036
"2024-12-04 09:00:00";1048
"2024-12-04 09:10:00";1062
"2024-12-04 09:20:00";1090
"2024-12-04 09:30:00";1123
"2024-12-04 09:40:00";1147
"2024-12-04 09:50:00";1167
"2024-12-04 10:00:00";1206
"2024-12-04 10:10:00";1230
"2024-12-04 10:20:00";1242
"2024-12-04 10:30:00";1235
"2024-12-04 10:40:00";1280
"2024-12-04 10:50:00";1277
"2024-12-04 11:00:00";1322
"2024-12-04 11:10:00";1343
"2024-12-04 11:20:00";1356
"2024-12-04 11:30:00";1405
"2024-12-04 11:40:00";1460
"2024-12-04 11:50:00";1507
"2024-12-04 12:00:00";1561
"2024-12-04 12:10:00";1597
"2024-12-04 12:20:00";1632
"2024-12-04 12:30:00";1655
"2024-12-04 12:40:00";1698
"2024-12-04 12:50:00";1733
"2024-12-04 13:00:00";1803
"2024-12-04 13:10:00";1886
"2024-12-04 13:20:00";1913
"2024-12-04 13:30:00";1941
"2024-12-04 13:40:00";2002
"2024-12-04 13:50:00";2058
"2024-12-04 14:00:00";2062
"2024-12-04 14:10:00";2086
"2024-12-04 14:20:00";2110
"2024-12-04 14:30:00";2088
"2024-12-04 14:40:00";2173
"2024-12-04 14:50:00";2186
"2024-12-04 15:00:00";2166
"2024-12-04 15:10:00";2190
"2024-12-04 15:20:00";2214
"2024-12-04 15:30:00";2196
"2024-12-04 15:40:00";2191
"2024-12-04 15:50:00";2207
"2024-12-04 16:00:00";2198
"2024-12-04 16:10:00";2258
"2024-12-04 16:20:00";2244
"2024-12-04 16:30:00";2253
"2024-12-04 16:40:00";2260
"2024-12-04 16:50:00";2232
"2024-12-04 17:00:00";2215
"2024-12-04 17:10:00";2210
"2024-12-04 17:20:00";2181
"2024-12-04 17:30:00";2172
"2024-12-04 17:40:00";2219
"2024-12-04 17:50:00";2218
"2024-12-04 18:00:00";2227
"2024-12-04 18:10:00";2209
"2024-12-04 18:20:00";2216
"2024-12-04 18:30:00";2260
"2024-12-04 18:40:00";2251
"2024-12-04 18:50:00";2237
"2024-12-04 19:00:00";2222
"2024-12-04 19:10:00";2157
"2024-12-04 19:20:00";2131
"2024-12-04 19:30:00";2126
"2024-12-04 19:40:00";2114
"2024-12-04 19:50:00";2086
"2024-12-04 20:00:00";2057
"2024-12-04 20:10:00";2049
"2024-12-04 20:20:00";2020
"2024-12-04 20:30:00";2005
"2024-12-04 20:40:00";1977
"2024-12-04 20:50:00";1962
"2024-12-04 21:00:00";1970
"2024-12-04 21:10:00";1927
"2024-12-04 21:20:00";1907
"2024-12-04 21:30:00";1873
"2024-12-04 21:40:00";1898
"2024-12-04 21:50:00";1953
"2024-12-04 22:00:00";1948
"2024-12-04 22:10:00";1921
"2024-12-04 22:20:00";1897
"2024-12-04 22:30:00";1919
"2024-12-04 22:40:00";1924
"2024-12-04 22:50:00";1959
"2024-12-04 23:00:00";1938
"2024-12-04 23:10:00";1979
"2024-12-04 23:20:00";1969
"2024-12-04 23:30:00";1984
"2024-12-04 23:40:00";1964
"2024-12-04 23:50:00";1944
"2024-12-05 00:00:00";1947
"2024-12-05 00:10:00";1906
"2024-12-05 00:20:00";1901
"2024-12-05 00:30:00";1893
"2024-12-05 00:40:00";1915
"2024-12-05 00:50:00";1926
"2024-12-05 01:00:00";1965
"2024-12-05 01:10:00";1972
"2024-12-05 01:20:00";1998
"2024-12-05 01:30:00";1983
"2024-12-05 01:40:00";1940
"2024-12-05 01:50:00";1941
"2024-12-05 02:00:00";1953
"2024-12-05 02:10:00";1923
"2024-12-05 02:20:00";1860
"2024-12-05 02:30:00";1841
"2024-12-05 02:40:00";1799
"2024-12-05 02:50:00";1784
"2024-12-05 03:00:00";1770
"2024-12-05 03:10:00";1739
"2024-12-05 03:20:00";1708
"2024-12-05 03:30:00";1713
"2024-12-05 03:40:00";1686
"2024-12-05 03:50:00";1651
"2024-12-05 04:00:00";1574
"2024-12-05 04:10:00";1533
"2024-12-05 04:20:00";1513
"2024-12-05 04:30:00";1457
"2024-12-05 04:40:00";1423
"2024-12-05 04:50:00";1387
"2024-12-05 05:00:00";1369
"2024-12-05 05:10:00";1342
"2024-12-05 05:20:00";1266
"2024-12-05 05:30:00";1240
"2024-12-05 05:40:00";1231
"2024-12-05 05:50:00";1206
"2024-12-05 06:00:00";1196
"2024-12-05 06:10:00";1179
"2024-12-05 06:20:00";1162
"2024-12-05 06:30:00";1128
"2024-12-05 06:40:00";1140
"2024-12-05 06:50:00";1128
"2024-12-05 07:00:00";1116
"2024-12-05 07:10:00";1075
"2024-12-05 07:20:00";1080
"2024-12-05 07:30:00";1083
"2024-12-05 07:40:00";1085
"2024-12-05 07:50:00";1106
"2024-12-05 08:00:00";1097
"2024-12-05 08:10:00";1082
"2024-12-05 08:20:00";1042
"2024-12-05 08:30:00";983
"2024-12-05 08:40:00";978
"2024-12-05 08:50:00";966
"2024-12-05 09:00:00";971
"2024-12-05 09:10:00";1046
"2024-12-05 09:20:00";1025
"2024-12-05 09:30:00";1082
"2024-12-05 09:40:00";1196
"2024-12-05 09:50:00";1246
"2024-12-05 10:00:00";1309
"2024-12-05 10:10:00";1376
"2024-12-05 10:20:00";1408
"2024-12-05 10:30:00";1460
"2024-12-05 10:40:00";1475
"2024-12-05 10:50:00";1514
"2024-12-05 11:00:00";1546
"2024-12-05 11:10:00";1571
"2024-12-05 11:20:00";1599
"2024-12-05 11:30:00";1641
"2024-12-05 11:40:00";1721
"2024-12-05 11:50:00";1822
"2024-12-05 12:00:00";1878
"2024-12-05 12:10:00";1912
"2024-12-05 12:20:00";1998
"2024-12-05 12:30:00";2074
"2024-12-05 12:40:00";2119
"2024-12-05 12:50:00";2191
"2024-12-05 13:00:00";2251
"2024-12-05 13:10:00";2318
"2024-12-05 13:20:00";2405
"2024-12-05 13:30:00";2496
"2024-12-05 13:40:00";2518
"2024-12-05 13:50:00";2549
"2024-12-05 14:00:00";2523
"2024-12-05 14:10:00";2536
"2024-12-05 14:20:00";2568
"2024-12-05 14:30:00";2619
"2024-12-05 14:40:00";2635
"2024-12-05 14:50:00";2655
"2024-12-05 15:00:00";2674
"2024-12-05 15:10:00";2693
"2024-12-05 15:20:00";2707
"2024-12-05 15:30:00";2704
"2024-12-05 15:40:00";2710
"2024-12-05 15:50:00";2693
"2024-12-05 16:00:00";2692
"2024-12-05 16:10:00";2690
"2024-12-05 16:20:00";2697
"2024-12-05 16:30:00";2682
"2024-12-05 16:40:00";2668
"2024-12-05 16:50:00";2656
"2024-12-05 17:00:00";2640
"2024-12-05 17:10:00";2620
"2024-12-05 17:20:00";2638
"2024-12-05 17:30:00";2664
"2024-12-05 17:40:00";2670
"2024-12-05 17:50:00";2637
"2024-12-05 18:00:00";2636
"2024-12-05 18:10:00";2675
"2024-12-05 18:20:00";2659
"2024-12-05 18:30:00";2628
"2024-12-05 18:40:00";2587
"2024-12-05 18:50:00";2541
"2024-12-05 19:00:00";2517
"2024-12-05 19:10:00";2507
"2024-12-05 19:20:00";2450
"2024-12-05 19:30:00";2488
"2024-12-05 19:40:00";2469
"2024-12-05 19:50:00";2469
"2024-12-05 20:00:00";2437
"2024-12-05 20:10:00";2439
"2024-12-05 20:20:00";2398
"2024-12-05 20:30:00";2384
"2024-12-05 20:40:00";2388
"2024-12-05 20:50:00";2366
"2024-12-05 21:00:00";2365
"2024-12-05 21:10:00";2366
"2024-12-05 21:20:00";2360
"2024-12-05 21:30:00";2329
"2024-12-05 21:40:00";2358
"2024-12-05 21:50:00";2380
"2024-12-05 22:00:00";2350
"2024-12-05 22:10:00";2343
"2024-12-05 22:20:00";2303
"2024-12-05 22:30:00";2257
"2024-12-05 22:40:00";2270
"2024-12-05 22:50:00";2277
"2024-12-05 23:00:00";2303
"2024-12-05 23:10:00";740
"2024-12-05 23:20:00";2228
"2024-12-05 23:30:00";2354
"2024-12-05 23:40:00";2369
"2024-12-05 23:50:00";2393
"2024-12-06 00:00:00";2361
"2024-12-06 00:10:00";2340
"2024-12-06 00:20:00";2393
"2024-12-06 00:30:00";2385
"2024-12-06 00:40:00";2334
"2024-12-06 00:50:00";2301
"2024-12-06 01:00:00";2315
"2024-12-06 01:10:00";2315
"2024-12-06 01:20:00";2319
"2024-12-06 01:30:00";2336
"2024-12-06 01:40:00";2300
"2024-12-06 01:50:00";2300
"2024-12-06 02:00:00";2307
"2024-12-06 02:10:00";2264
"2024-12-06 02:20:00";2185
"2024-12-06 02:30:00";2183
"2024-12-06 02:40:00";2173
"2024-12-06 02:50:00";2136
"2024-12-06 03:00:00";2093
"2024-12-06 03:10:00";2066
"2024-12-06 03:20:00";2008
"2024-12-06 03:30:00";1929
"2024-12-06 03:40:00";1845
"2024-12-06 03:50:00";1801
"2024-12-06 04:00:00";1751
"2024-12-06 04:10:00";1726
"2024-12-06 04:20:00";1674
"2024-12-06 04:30:00";1660
"2024-12-06 04:40:00";1624
"2024-12-06 04:50:00";1583
"2024-12-06 05:00:00";1487
"2024-12-06 05:10:00";1469
"2024-12-06 05:20:00";1460
"2024-12-06 05:30:00";1452
"2024-12-06 05:40:00";1436
"2024-12-06 05:50:00";1416
"2024-12-06 06:00:00";1420
"2024-12-06 06:10:00";1386
"2024-12-06 06:20:00";1353
"2024-12-06 06:30:00";1320
"2024-12-06 06:40:00";1276
"2024-12-06 06:50:00";1283
"2024-12-06 07:00:00";1239
"2024-12-06 07:10:00";1207
"2024-12-06 07:20:00";1190
"2024-12-06 07:30:00";1159
"2024-12-06 07:40:00";1159
"2024-12-06 07:50:00";1154
"2024-12-06 08:00:00";1138
"2024-12-06 08:10:00";1156
"2024-12-06 08:20:00";1188
"2024-12-06 08:30:00";1214
"2024-12-06 08:40:00";1233
"2024-12-06 08:50:00";1263
"2024-12-06 09:00:00";1285
"2024-12-06 09:10:00";1322
"2024-12-06 09:20:00";1333
"2024-12-06 09:30:00";1327
"2024-12-06 09:40:00";1384
"2024-12-06 09:50:00";1401
"2024-12-06 10:00:00";1435
"2024-12-06 10:10:00";1457
"2024-12-06 10:20:00";1477